"Que 2. Identify peak booking months and analyze reasons for spikes in bookings, including holidays or events?",,,,,,,,,,,,,
,,,,,,,,,,,,,
,,,,,,,,,,,,,
arrival_date_month,total_bookings,,SQL QUERY,,,,,,,,,Final Insights from SQL Analysis,
August,13877,,,,,,,,,,,,
July,12661,,,,,,,,,,,"1. Peak Booking Months: August, July & May",
May,11791,,"SELECT 
    arrival_date_month, 
    COUNT(booking_id) AS total_bookings
FROM booking_details
GROUP BY arrival_date_month
ORDER BY total_bookings DESC;",,,,,,,,,2. Reasons for Spikes:,
October,11160,,,,,,,,,,,"Holidays (Christmas, New Year, Festival seasons)",
April,11089,,,,,,,,,,,Seasonal Trends (Summer vacations),
June,10939,,,,,,,,,,,Weekends (Higher bookings for leisure trips),
September,10508,,,,,,,,,,,,
March,9794,,,,,,,,,,,,
February,8068,,,,,,,,,,,,
November,6794,,,,,,,,,,,,
December,6780,,,,,,,,,,,,
January,5929,,,,,,,,,,,,
,,,,,,,,,,,,,
,,,,,,,,,,,,,
(ii),,,,,,,,,,,,,
arrival_date_year,arrival_date_month,arrival_date_day_of_month,total_bookings,,,,,,,,,,
2015,December,5,448,,SQL QUERY,,,,,,,,
2016,November,7,366,,,,,,,,,,
2015,October,16,356,,,,,,,,,,
2016,October,13,344,,"SELECT 
    arrival_date_year,
    arrival_date_month,
    arrival_date_day_of_month,
    COUNT(booking_id) AS total_bookings
FROM booking_details
GROUP BY arrival_date_year, arrival_date_month, arrival_date_day_of_month
ORDER BY total_bookings DESC;",,,,,,,,
2015,September,18,340,,,,,,,,,,
2017,June,8,337,,,,,,,,,,
2017,March,2,335,,,,,,,,,,
2016,October,28,334,,,,,,,,,,
2015,September,17,331,,,,,,,,,,
2017,April,29,330,,,,,,,,,,
2015,August,14,329,,,,,,,,,,
2016,June,17,321,,,,,,,,,,
2017,May,15,320,,,,,,,,,,
2017,February,25,316,,,,,,,,,,
2017,May,19,316,,,,,,,,,,
2016,September,15,313,,,,,,,,,,
2017,May,25,307,,,,,,,,,,
2016,September,26,304,,,,,,,,,,
2016,March,24,295,,,,,,,,,,
2016,February,12,293,,,,,,,,,,
2016,April,28,292,,,,,,,,,,
2016,October,6,289,,,,,,,,,,
2016,February,17,286,,,,,,,,,,
2016,September,30,286,,,,,,,,,,
2016,June,15,284,,,,,,,,,,
2016,October,16,281,,,,,,,,,,
2016,May,26,276,,,,,,,,,,
2015,September,25,275,,,,,,,,,,
2016,June,24,273,,,,,,,,,,
2017,April,9,273,,,,,,,,,,
2016,May,5,271,,,,,,,,,,
2016,May,12,271,,,,,,,,,,
2017,April,26,269,,,,,,,,,,
2016,April,29,266,,,,,,,,,,
2016,June,2,266,,,,,,,,,,
2017,May,24,266,,,,,,,,,,
2017,July,15,265,,,,,,,,,,
2016,May,19,264,,,,,,,,,,
2016,April,22,263,,,,,,,,,,
2016,May,2,263,,,,,,,,,,
2017,May,4,262,,,,,,,,,,
2017,April,28,261,,,,,,,,,,
2017,May,5,260,,,,,,,,,,
2016,October,12,256,,,,,,,,,,
2015,October,15,255,,,,,,,,,,
2017,June,2,254,,,,,,,,,,
2017,April,5,252,,,,,,,,,,
2015,October,10,250,,,,,,,,,,
2016,February,19,247,,,,,,,,,,
2016,October,20,247,,,,,,,,,,
2016,October,21,247,,,,,,,,,,
2017,May,20,246,,,,,,,,,,
2016,February,26,245,,,,,,,,,,
2016,March,20,244,,,,,,,,,,
2017,January,14,244,,,,,,,,,,
2017,April,13,242,,,,,,,,,,
2015,September,5,240,,,,,,,,,,
2016,December,8,240,,,,,,,,,,
2016,October,29,239,,,,,,,,,,
2017,June,17,239,,,,,,,,,,
2015,December,30,238,,,,,,,,,,
2016,March,31,238,,,,,,,,,,
2016,December,30,238,,,,,,,,,,
2017,May,30,238,,,,,,,,,,
2016,April,6,237,,,,,,,,,,
2016,May,13,237,,,,,,,,,,
2016,November,4,237,,,,,,,,,,
2016,August,18,232,,,,,,,,,,
2017,April,3,231,,,,,,,,,,
2016,June,6,230,,,,,,,,,,
2016,September,19,230,,,,,,,,,,
2015,October,19,229,,,,,,,,,,
2016,April,9,229,,,,,,,,,,
2016,June,14,229,,,,,,,,,,
2016,November,3,229,,,,,,,,,,
2017,April,6,229,,,,,,,,,,
2017,April,15,229,,,,,,,,,,
2016,May,17,228,,,,,,,,,,
2017,June,1,228,,,,,,,,,,
2016,March,25,227,,,,,,,,,,
2016,May,20,227,,,,,,,,,,
2017,May,28,227,,,,,,,,,,
2015,September,21,226,,,,,,,,,,
2016,June,26,226,,,,,,,,,,
2017,April,14,225,,,,,,,,,,
2016,April,20,224,,,,,,,,,,
2016,June,12,224,,,,,,,,,,
2017,June,28,224,,,,,,,,,,
2015,October,5,223,,,,,,,,,,
2016,June,9,223,,,,,,,,,,
2017,April,21,223,,,,,,,,,,
2017,April,22,223,,,,,,,,,,
2017,June,3,223,,,,,,,,,,
2017,June,9,223,,,,,,,,,,
2016,May,24,221,,,,,,,,,,
2016,September,9,221,,,,,,,,,,
2017,March,15,221,,,,,,,,,,
2017,May,6,221,,,,,,,,,,
2017,May,8,221,,,,,,,,,,
2017,May,9,220,,,,,,,,,,
2016,February,6,219,,,,,,,,,,
2016,May,16,219,,,,,,,,,,
2017,January,18,219,,,,,,,,,,
2016,September,16,217,,,,,,,,,,
2015,September,24,216,,,,,,,,,,
2016,July,21,216,,,,,,,,,,
2017,June,11,216,,,,,,,,,,
2016,December,27,215,,,,,,,,,,
2016,March,4,214,,,,,,,,,,
2016,August,1,214,,,,,,,,,,
2016,October,9,214,,,,,,,,,,
2016,October,30,214,,,,,,,,,,
2016,November,5,214,,,,,,,,,,
2017,March,13,214,,,,,,,,,,
2016,March,19,213,,,,,,,,,,
2016,August,13,213,,,,,,,,,,
2016,October,10,213,,,,,,,,,,
2017,March,31,213,,,,,,,,,,
2017,May,3,213,,,,,,,,,,
2015,September,11,212,,,,,,,,,,
2016,September,8,212,,,,,,,,,,
2016,November,1,212,,,,,,,,,,
2017,July,24,212,,,,,,,,,,
2015,October,3,211,,,,,,,,,,
2015,November,23,211,,,,,,,,,,
2016,February,27,211,,,,,,,,,,
2016,April,4,211,,,,,,,,,,
2017,July,9,211,,,,,,,,,,
2017,August,28,211,,,,,,,,,,
2015,October,9,210,,,,,,,,,,
2016,August,8,210,,,,,,,,,,
2017,February,17,210,,,,,,,,,,
2017,March,9,210,,,,,,,,,,
2017,July,29,210,,,,,,,,,,
2016,July,30,209,,,,,,,,,,
2016,September,20,209,,,,,,,,,,
2016,October,17,209,,,,,,,,,,
2016,November,11,209,,,,,,,,,,
2015,October,12,208,,,,,,,,,,
2016,April,30,208,,,,,,,,,,
2016,September,21,208,,,,,,,,,,
2015,August,10,207,,,,,,,,,,
2016,April,18,207,,,,,,,,,,
2016,November,18,207,,,,,,,,,,
2015,August,8,206,,,,,,,,,,
2015,September,30,205,,,,,,,,,,
2016,June,20,205,,,,,,,,,,
2017,May,1,205,,,,,,,,,,
2015,July,25,204,,,,,,,,,,
2015,October,2,204,,,,,,,,,,
2017,May,11,204,,,,,,,,,,
2017,July,22,204,,,,,,,,,,
2016,April,14,203,,,,,,,,,,
2017,June,27,202,,,,,,,,,,
2017,July,13,202,,,,,,,,,,
2017,August,7,202,,,,,,,,,,
2015,September,9,201,,,,,,,,,,
2017,February,12,201,,,,,,,,,,
2016,May,31,200,,,,,,,,,,
2016,June,8,200,,,,,,,,,,
2017,April,8,200,,,,,,,,,,
2016,March,18,199,,,,,,,,,,
2016,October,3,199,,,,,,,,,,
2016,December,2,199,,,,,,,,,,
2017,May,22,199,,,,,,,,,,
2017,July,6,199,,,,,,,,,,
2015,September,26,198,,,,,,,,,,
2016,August,20,198,,,,,,,,,,
2016,July,23,197,,,,,,,,,,
2017,April,27,197,,,,,,,,,,
2017,June,15,197,,,,,,,,,,
2017,August,17,197,,,,,,,,,,
2016,April,7,196,,,,,,,,,,
2016,June,10,196,,,,,,,,,,
2017,June,23,196,,,,,,,,,,
2017,July,4,196,,,,,,,,,,
2015,September,19,195,,,,,,,,,,
2016,October,14,195,,,,,,,,,,
2016,February,28,194,,,,,,,,,,
2016,September,22,194,,,,,,,,,,
2016,October,27,194,,,,,,,,,,
2017,July,17,194,,,,,,,,,,
2016,June,3,193,,,,,,,,,,
2016,September,1,193,,,,,,,,,,
2017,January,16,193,,,,,,,,,,
2017,February,13,193,,,,,,,,,,
2017,June,30,193,,,,,,,,,,
2015,September,4,192,,,,,,,,,,
2016,August,11,192,,,,,,,,,,
2016,October,23,192,,,,,,,,,,
2017,March,24,192,,,,,,,,,,
2015,September,12,191,,,,,,,,,,
2015,October,31,191,,,,,,,,,,
2015,December,8,191,,,,,,,,,,
2016,May,21,191,,,,,,,,,,
2016,November,25,191,,,,,,,,,,
2017,January,25,191,,,,,,,,,,
2017,August,16,191,,,,,,,,,,
2017,August,25,191,,,,,,,,,,
2015,August,15,190,,,,,,,,,,
2015,October,7,190,,,,,,,,,,
2016,May,30,189,,,,,,,,,,
2016,October,5,189,,,,,,,,,,
2016,December,3,189,,,,,,,,,,
2015,August,17,188,,,,,,,,,,
2016,March,17,188,,,,,,,,,,
2016,April,11,188,,,,,,,,,,
2017,August,19,188,,,,,,,,,,
2015,November,20,187,,,,,,,,,,
2016,May,15,187,,,,,,,,,,
2016,August,22,187,,,,,,,,,,
2017,February,10,187,,,,,,,,,,
2017,June,26,187,,,,,,,,,,
2016,October,7,186,,,,,,,,,,
2017,June,19,186,,,,,,,,,,
2017,July,10,186,,,,,,,,,,
2017,August,12,186,,,,,,,,,,
2015,October,4,185,,,,,,,,,,
2016,May,29,185,,,,,,,,,,
2016,September,5,185,,,,,,,,,,
2017,February,26,185,,,,,,,,,,
2017,July,7,185,,,,,,,,,,
2016,June,27,184,,,,,,,,,,
2016,July,18,184,,,,,,,,,,
2016,October,1,184,,,,,,,,,,
2017,March,5,184,,,,,,,,,,
2017,June,16,184,,,,,,,,,,
2017,July,1,184,,,,,,,,,,
2015,August,3,183,,,,,,,,,,
2016,January,2,183,,,,,,,,,,
2016,February,13,183,,,,,,,,,,
2016,March,11,183,,,,,,,,,,
2016,March,21,183,,,,,,,,,,
2016,June,30,183,,,,,,,,,,
2016,July,6,183,,,,,,,,,,
2016,November,21,183,,,,,,,,,,
2017,March,27,183,,,,,,,,,,
2017,May,13,183,,,,,,,,,,
2016,April,8,182,,,,,,,,,,
2016,September,29,182,,,,,,,,,,
2016,October,11,182,,,,,,,,,,
2017,July,12,182,,,,,,,,,,
2017,July,31,182,,,,,,,,,,
2017,May,26,181,,,,,,,,,,
2017,June,25,181,,,,,,,,,,
2017,July,11,181,,,,,,,,,,
2017,August,18,181,,,,,,,,,,
2017,April,10,180,,,,,,,,,,
2017,May,18,180,,,,,,,,,,
2017,June,12,180,,,,,,,,,,
2015,October,6,179,,,,,,,,,,
2016,April,27,179,,,,,,,,,,
2017,January,2,179,,,,,,,,,,
2017,March,30,179,,,,,,,,,,
2016,September,3,178,,,,,,,,,,
2017,March,16,178,,,,,,,,,,
2017,August,1,178,,,,,,,,,,
2016,April,13,177,,,,,,,,,,
2016,August,15,177,,,,,,,,,,
2016,July,16,176,,,,,,,,,,
2017,March,14,176,,,,,,,,,,
2017,August,3,176,,,,,,,,,,
2016,August,4,175,,,,,,,,,,
2016,October,22,175,,,,,,,,,,
2017,March,10,175,,,,,,,,,,
2016,April,26,174,,,,,,,,,,
2016,September,2,174,,,,,,,,,,
2016,September,18,174,,,,,,,,,,
2016,December,1,174,,,,,,,,,,
2017,February,20,174,,,,,,,,,,
2017,April,17,174,,,,,,,,,,
2017,May,2,174,,,,,,,,,,
2017,June,5,174,,,,,,,,,,
2017,July,3,174,,,,,,,,,,
2017,August,27,174,,,,,,,,,,
2015,November,18,173,,,,,,,,,,
2016,July,1,173,,,,,,,,,,
2016,July,11,173,,,,,,,,,,
2016,July,25,173,,,,,,,,,,
2016,September,12,173,,,,,,,,,,
2016,August,12,172,,,,,,,,,,
2016,September,11,172,,,,,,,,,,
2017,January,23,172,,,,,,,,,,
2017,March,11,172,,,,,,,,,,
2016,April,19,171,,,,,,,,,,
2016,April,23,171,,,,,,,,,,
2017,May,31,171,,,,,,,,,,
2015,July,27,170,,,,,,,,,,
2015,September,16,170,,,,,,,,,,
2016,July,7,170,,,,,,,,,,
2016,August,26,170,,,,,,,,,,
2017,February,22,170,,,,,,,,,,
2017,February,23,170,,,,,,,,,,
2016,March,28,169,,,,,,,,,,
2016,April,24,169,,,,,,,,,,
2016,August,25,169,,,,,,,,,,
2017,April,23,169,,,,,,,,,,
2017,July,28,169,,,,,,,,,,
2016,May,9,168,,,,,,,,,,
2017,June,20,168,,,,,,,,,,
2016,August,28,167,,,,,,,,,,
2017,March,20,167,,,,,,,,,,
2017,April,16,167,,,,,,,,,,
2017,June,24,167,,,,,,,,,,
2016,March,30,166,,,,,,,,,,
2016,September,13,166,,,,,,,,,,
2017,June,22,166,,,,,,,,,,
2017,August,26,166,,,,,,,,,,
2016,August,19,165,,,,,,,,,,
2017,May,14,165,,,,,,,,,,
2017,August,14,165,,,,,,,,,,
2015,October,8,164,,,,,,,,,,
2016,April,16,164,,,,,,,,,,
2016,August,29,164,,,,,,,,,,
2016,December,26,164,,,,,,,,,,
2016,December,29,163,,,,,,,,,,
2017,August,4,163,,,,,,,,,,
2017,June,21,162,,,,,,,,,,
2017,June,29,161,,,,,,,,,,
2017,July,23,161,,,,,,,,,,
2017,July,26,161,,,,,,,,,,
2015,October,24,160,,,,,,,,,,
2016,March,2,160,,,,,,,,,,
2016,April,15,160,,,,,,,,,,
2016,July,14,160,,,,,,,,,,
2016,November,17,160,,,,,,,,,,
2017,May,23,160,,,,,,,,,,
2017,August,15,160,,,,,,,,,,
2015,September,23,159,,,,,,,,,,
2016,August,16,159,,,,,,,,,,
2017,June,14,159,,,,,,,,,,
2017,August,20,159,,,,,,,,,,
2017,August,21,159,,,,,,,,,,
2016,April,12,158,,,,,,,,,,
2016,August,6,158,,,,,,,,,,
2017,April,20,158,,,,,,,,,,
2017,May,10,158,,,,,,,,,,
2016,March,22,157,,,,,,,,,,
2016,April,17,157,,,,,,,,,,
2016,August,5,157,,,,,,,,,,
2017,March,6,157,,,,,,,,,,
2017,May,17,157,,,,,,,,,,
2017,July,27,157,,,,,,,,,,
2016,October,4,156,,,,,,,,,,
2016,October,26,156,,,,,,,,,,
2017,May,21,156,,,,,,,,,,
2017,August,24,156,,,,,,,,,,
2015,July,18,155,,,,,,,,,,
2015,September,3,155,,,,,,,,,,
2015,December,29,155,,,,,,,,,,
2016,January,27,155,,,,,,,,,,
2016,September,25,155,,,,,,,,,,
2016,October,25,155,,,,,,,,,,
2015,August,5,154,,,,,,,,,,
2016,February,25,154,,,,,,,,,,
2016,May,14,154,,,,,,,,,,
2016,August,21,154,,,,,,,,,,
2017,February,4,154,,,,,,,,,,
2017,March,29,154,,,,,,,,,,
2017,April,30,154,,,,,,,,,,
2017,March,21,154,,,,,,,,,,
2015,August,24,153,,,,,,,,,,
2016,May,10,153,,,,,,,,,,
2016,July,28,153,,,,,,,,,,
2017,February,1,153,,,,,,,,,,
2017,July,16,153,,,,,,,,,,
2015,September,6,152,,,,,,,,,,
2017,February,24,152,,,,,,,,,,
2015,December,9,152,,,,,,,,,,
2015,July,17,151,,,,,,,,,,
2016,June,4,151,,,,,,,,,,
2017,February,14,151,,,,,,,,,,
2017,May,12,151,,,,,,,,,,
2016,July,20,150,,,,,,,,,,
2016,August,24,150,,,,,,,,,,
2016,October,2,150,,,,,,,,,,
2017,January,27,150,,,,,,,,,,
2017,June,18,150,,,,,,,,,,
2017,July,18,150,,,,,,,,,,
2017,August,2,150,,,,,,,,,,
2015,September,14,149,,,,,,,,,,
2016,March,7,149,,,,,,,,,,
2016,April,25,149,,,,,,,,,,
2016,May,7,149,,,,,,,,,,
2016,June,16,149,,,,,,,,,,
2016,December,28,149,,,,,,,,,,
2017,August,5,149,,,,,,,,,,
2015,October,25,148,,,,,,,,,,
2016,May,8,148,,,,,,,,,,
2016,July,4,148,,,,,,,,,,
2017,February,15,148,,,,,,,,,,
2017,April,19,148,,,,,,,,,,
2017,June,7,148,,,,,,,,,,
2017,August,6,148,,,,,,,,,,
2016,January,19,147,,,,,,,,,,
2016,October,31,147,,,,,,,,,,
2016,November,10,147,,,,,,,,,,
2017,August,10,147,,,,,,,,,,
2016,April,21,146,,,,,,,,,,
2016,June,7,146,,,,,,,,,,
2016,August,17,146,,,,,,,,,,
2016,November,12,146,,,,,,,,,,
2017,February,9,146,,,,,,,,,,
2017,March,17,146,,,,,,,,,,
2017,March,23,146,,,,,,,,,,
2017,June,4,146,,,,,,,,,,
2017,July,2,146,,,,,,,,,,
2016,July,8,145,,,,,,,,,,
2017,May,29,145,,,,,,,,,,
2017,August,13,145,,,,,,,,,,
2016,August,3,144,,,,,,,,,,
2017,March,1,144,,,,,,,,,,
2017,August,9,144,,,,,,,,,,
2016,March,9,143,,,,,,,,,,
2016,July,27,143,,,,,,,,,,
2016,November,2,143,,,,,,,,,,
2016,November,14,142,,,,,,,,,,
2016,December,5,142,,,,,,,,,,
2016,December,16,142,,,,,,,,,,
2017,March,19,142,,,,,,,,,,
2017,March,25,142,,,,,,,,,,
2015,October,28,141,,,,,,,,,,
2016,July,9,141,,,,,,,,,,
2016,July,15,141,,,,,,,,,,
2016,August,27,141,,,,,,,,,,
2017,July,8,141,,,,,,,,,,
2017,July,25,141,,,,,,,,,,
2016,September,23,140,,,,,,,,,,
2016,November,19,140,,,,,,,,,,
2015,August,22,139,,,,,,,,,,
2015,September,10,139,,,,,,,,,,
2016,August,10,139,,,,,,,,,,
2017,July,21,139,,,,,,,,,,
2017,August,8,139,,,,,,,,,,
2016,August,14,138,,,,,,,,,,
2017,January,12,138,,,,,,,,,,
2017,May,16,138,,,,,,,,,,
2017,June,6,138,,,,,,,,,,
2017,June,10,138,,,,,,,,,,
2017,July,5,138,,,,,,,,,,
2016,August,2,137,,,,,,,,,,
2016,August,7,137,,,,,,,,,,
2017,April,11,137,,,,,,,,,,
2016,May,18,136,,,,,,,,,,
2016,September,28,136,,,,,,,,,,
2016,October,18,136,,,,,,,,,,
2016,October,24,136,,,,,,,,,,
2017,March,3,136,,,,,,,,,,
2017,April,18,136,,,,,,,,,,
2017,May,7,136,,,,,,,,,,
2017,February,19,135,,,,,,,,,,
2016,January,22,134,,,,,,,,,,
2016,May,4,134,,,,,,,,,,
2016,May,23,134,,,,,,,,,,
2016,July,2,134,,,,,,,,,,
2017,July,30,134,,,,,,,,,,
2017,August,31,134,,,,,,,,,,
2015,August,7,133,,,,,,,,,,
2015,August,12,133,,,,,,,,,,
2015,September,7,133,,,,,,,,,,
2016,June,1,133,,,,,,,,,,
2016,June,21,133,,,,,,,,,,
2016,June,28,133,,,,,,,,,,
2016,September,7,133,,,,,,,,,,
2017,February,2,133,,,,,,,,,,
2017,February,27,133,,,,,,,,,,
2017,April,12,133,,,,,,,,,,
2017,May,27,133,,,,,,,,,,
2015,November,27,132,,,,,,,,,,
2016,May,11,132,,,,,,,,,,
2016,August,30,132,,,,,,,,,,
2016,September,4,132,,,,,,,,,,
2017,April,1,132,,,,,,,,,,
2017,July,20,132,,,,,,,,,,
2015,October,21,131,,,,,,,,,,
2016,March,5,131,,,,,,,,,,
2016,March,12,131,,,,,,,,,,
2016,June,18,131,,,,,,,,,,
2016,June,23,131,,,,,,,,,,
2016,November,16,131,,,,,,,,,,
2015,October,17,130,,,,,,,,,,
2015,October,29,130,,,,,,,,,,
2016,June,13,130,,,,,,,,,,
2016,July,24,130,,,,,,,,,,
2016,October,15,130,,,,,,,,,,
2015,September,20,129,,,,,,,,,,
2016,February,7,129,,,,,,,,,,
2016,May,22,129,,,,,,,,,,
2016,October,8,129,,,,,,,,,,
2017,February,11,129,,,,,,,,,,
2017,February,16,129,,,,,,,,,,
2017,April,24,129,,,,,,,,,,
2015,September,2,128,,,,,,,,,,
2016,March,23,128,,,,,,,,,,
2016,May,6,128,,,,,,,,,,
2016,August,31,128,,,,,,,,,,
2016,September,14,128,,,,,,,,,,
2017,January,1,128,,,,,,,,,,
2017,February,18,128,,,,,,,,,,
2017,March,7,128,,,,,,,,,,
2017,April,7,128,,,,,,,,,,
2017,August,11,128,,,,,,,,,,
2015,July,22,127,,,,,,,,,,
2016,July,12,127,,,,,,,,,,
2016,July,22,127,,,,,,,,,,
2016,December,23,127,,,,,,,,,,
2017,July,14,127,,,,,,,,,,
2015,August,25,126,,,,,,,,,,
2016,February,5,126,,,,,,,,,,
2016,April,10,126,,,,,,,,,,
2016,July,17,126,,,,,,,,,,
2017,March,26,126,,,,,,,,,,
2017,August,23,126,,,,,,,,,,
2016,November,13,126,,,,,,,,,,
2015,July,20,125,,,,,,,,,,
2015,July,23,125,,,,,,,,,,
2016,October,19,125,,,,,,,,,,
2016,December,22,125,,,,,,,,,,
2017,April,4,125,,,,,,,,,,
2017,August,29,125,,,,,,,,,,
2016,December,24,124,,,,,,,,,,
2017,January,3,124,,,,,,,,,,
2015,December,4,123,,,,,,,,,,
2015,December,27,123,,,,,,,,,,
2015,December,31,123,,,,,,,,,,
2016,March,1,123,,,,,,,,,,
2017,January,19,123,,,,,,,,,,
2015,July,1,122,,,,,,,,,,
2015,August,26,122,,,,,,,,,,
2016,June,19,122,,,,,,,,,,
2016,August,9,122,,,,,,,,,,
2016,September,24,122,,,,,,,,,,
2016,September,27,122,,,,,,,,,,
2016,November,6,122,,,,,,,,,,
2017,February,3,122,,,,,,,,,,
2015,September,15,121,,,,,,,,,,
2015,October,1,121,,,,,,,,,,
2016,September,17,121,,,,,,,,,,
2017,March,18,121,,,,,,,,,,
2016,November,24,120,,,,,,,,,,
2016,November,26,120,,,,,,,,,,
2017,June,13,120,,,,,,,,,,
2016,March,29,119,,,,,,,,,,
2016,December,7,119,,,,,,,,,,
2016,March,8,118,,,,,,,,,,
2016,March,16,118,,,,,,,,,,
2016,July,3,118,,,,,,,,,,
2016,July,13,118,,,,,,,,,,
2016,November,28,118,,,,,,,,,,
2015,August,11,117,,,,,,,,,,
2016,March,14,117,,,,,,,,,,
2015,October,18,116,,,,,,,,,,
2016,June,22,116,,,,,,,,,,
2016,August,23,116,,,,,,,,,,
2016,December,9,116,,,,,,,,,,
2015,August,31,115,,,,,,,,,,
2016,April,5,115,,,,,,,,,,
2016,July,26,115,,,,,,,,,,
2016,September,10,115,,,,,,,,,,
2017,January,21,115,,,,,,,,,,
2017,March,12,115,,,,,,,,,,
2016,July,31,114,,,,,,,,,,
2017,January,26,114,,,,,,,,,,
2015,December,26,112,,,,,,,,,,
2016,March,15,112,,,,,,,,,,
2017,January,6,112,,,,,,,,,,
2015,September,29,111,,,,,,,,,,
2015,November,7,111,,,,,,,,,,
2016,December,17,111,,,,,,,,,,
2017,January,28,111,,,,,,,,,,
2017,January,30,111,,,,,,,,,,
2017,April,25,111,,,,,,,,,,
2015,August,1,110,,,,,,,,,,
2015,August,20,110,,,,,,,,,,
2017,January,8,110,,,,,,,,,,
2015,August,29,109,,,,,,,,,,
2015,October,20,109,,,,,,,,,,
2016,March,3,109,,,,,,,,,,
2016,May,25,109,,,,,,,,,,
2016,July,5,109,,,,,,,,,,
2016,November,29,109,,,,,,,,,,
2016,February,22,108,,,,,,,,,,
2016,March,10,108,,,,,,,,,,
2017,February,6,108,,,,,,,,,,
2015,August,13,107,,,,,,,,,,
2015,September,28,107,,,,,,,,,,
2016,February,20,107,,,,,,,,,,
2016,March,26,107,,,,,,,,,,
2016,June,5,107,,,,,,,,,,
2016,July,29,107,,,,,,,,,,
2015,October,30,106,,,,,,,,,,
2016,February,21,106,,,,,,,,,,
2016,July,10,106,,,,,,,,,,
2016,July,19,106,,,,,,,,,,
2016,November,23,106,,,,,,,,,,
2017,February,21,106,,,,,,,,,,
2016,February,4,105,,,,,,,,,,
2016,March,27,105,,,,,,,,,,
2015,September,8,104,,,,,,,,,,
2016,February,11,104,,,,,,,,,,
2016,February,14,104,,,,,,,,,,
2016,February,24,104,,,,,,,,,,
2016,April,1,104,,,,,,,,,,
2015,July,11,103,,,,,,,,,,
2015,July,16,103,,,,,,,,,,
2016,March,13,103,,,,,,,,,,
2015,July,15,102,,,,,,,,,,
2015,October,11,102,,,,,,,,,,
2016,April,2,102,,,,,,,,,,
2017,February,28,102,,,,,,,,,,
2015,August,30,101,,,,,,,,,,
2015,September,22,101,,,,,,,,,,
2015,November,6,101,,,,,,,,,,
2016,June,11,101,,,,,,,,,,
2015,August,27,100,,,,,,,,,,
2015,September,1,100,,,,,,,,,,
2015,December,28,100,,,,,,,,,,
2016,April,3,100,,,,,,,,,,
2015,July,30,99,,,,,,,,,,
2015,October,23,99,,,,,,,,,,
2016,September,6,99,,,,,,,,,,
2016,December,10,99,,,,,,,,,,
2016,December,19,99,,,,,,,,,,
2017,January,10,99,,,,,,,,,,
2015,August,16,98,,,,,,,,,,
2015,October,13,98,,,,,,,,,,
2017,January,5,98,,,,,,,,,,
2017,August,22,98,,,,,,,,,,
2015,October,26,97,,,,,,,,,,
2017,July,19,97,,,,,,,,,,
2016,January,14,96,,,,,,,,,,
2016,February,29,96,,,,,,,,,,
2016,May,27,96,,,,,,,,,,
2017,January,4,96,,,,,,,,,,
2017,March,8,96,,,,,,,,,,
2017,April,2,96,,,,,,,,,,
2016,May,28,95,,,,,,,,,,
2016,November,15,95,,,,,,,,,,
2016,December,6,95,,,,,,,,,,
2015,August,18,94,,,,,,,,,,
2016,December,15,94,,,,,,,,,,
2015,July,2,93,,,,,,,,,,
2016,May,3,93,,,,,,,,,,
2016,June,29,93,,,,,,,,,,
2016,November,20,93,,,,,,,,,,
2017,January,13,92,,,,,,,,,,
2016,May,1,91,,,,,,,,,,
2017,February,5,91,,,,,,,,,,
2015,December,24,90,,,,,,,,,,
2017,March,22,90,,,,,,,,,,
2015,December,19,89,,,,,,,,,,
2016,December,21,89,,,,,,,,,,
2017,January,22,89,,,,,,,,,,
2017,August,30,89,,,,,,,,,,
2015,July,4,88,,,,,,,,,,
2015,October,22,88,,,,,,,,,,
2016,February,15,88,,,,,,,,,,
2017,March,28,88,,,,,,,,,,
2016,November,8,87,,,,,,,,,,
2016,December,4,87,,,,,,,,,,
2017,January,24,87,,,,,,,,,,
2015,November,21,86,,,,,,,,,,
2016,January,28,86,,,,,,,,,,
2016,January,29,86,,,,,,,,,,
2016,February,8,86,,,,,,,,,,
2017,March,4,86,,,,,,,,,,
2015,August,9,85,,,,,,,,,,
2015,July,13,84,,,,,,,,,,
2015,August,28,84,,,,,,,,,,
2016,February,3,84,,,,,,,,,,
2017,January,20,84,,,,,,,,,,
2015,December,3,83,,,,,,,,,,
2016,January,15,83,,,,,,,,,,
2016,February,18,83,,,,,,,,,,
2017,January,7,83,,,,,,,,,,
2015,November,9,82,,,,,,,,,,
2015,November,17,81,,,,,,,,,,
2015,December,10,81,,,,,,,,,,
2016,November,27,81,,,,,,,,,,
2015,July,9,80,,,,,,,,,,
2015,August,23,79,,,,,,,,,,
2016,January,25,79,,,,,,,,,,
2016,February,10,79,,,,,,,,,,
2016,June,25,79,,,,,,,,,,
2016,February,16,78,,,,,,,,,,
2016,December,12,78,,,,,,,,,,
2016,December,20,78,,,,,,,,,,
2017,February,7,78,,,,,,,,,,
2015,November,2,77,,,,,,,,,,
2016,January,4,77,,,,,,,,,,
2016,November,22,77,,,,,,,,,,
2016,December,13,77,,,,,,,,,,
2016,December,14,77,,,,,,,,,,
2017,January,9,77,,,,,,,,,,
2016,November,9,76,,,,,,,,,,
2016,December,31,76,,,,,,,,,,
2015,July,6,75,,,,,,,,,,
2015,August,6,75,,,,,,,,,,
2015,August,21,75,,,,,,,,,,
2016,February,9,75,,,,,,,,,,
2015,November,16,74,,,,,,,,,,
2017,January,31,74,,,,,,,,,,
2015,October,14,73,,,,,,,,,,
2017,February,8,73,,,,,,,,,,
2015,November,11,72,,,,,,,,,,
2015,December,22,72,,,,,,,,,,
2016,December,25,72,,,,,,,,,,
2015,July,21,71,,,,,,,,,,
2017,January,29,71,,,,,,,,,,
2015,November,3,70,,,,,,,,,,
2016,January,23,70,,,,,,,,,,
2015,July,8,69,,,,,,,,,,
2015,July,31,69,,,,,,,,,,
2015,September,27,69,,,,,,,,,,
2015,November,4,69,,,,,,,,,,
2015,November,24,69,,,,,,,,,,
2016,January,12,69,,,,,,,,,,
2016,January,26,69,,,,,,,,,,
2017,January,17,69,,,,,,,,,,
2015,December,25,68,,,,,,,,,,
2016,February,23,68,,,,,,,,,,
2016,January,16,67,,,,,,,,,,
2016,February,2,67,,,,,,,,,,
2016,November,30,67,,,,,,,,,,
2017,January,15,67,,,,,,,,,,
2016,March,6,67,,,,,,,,,,
2015,August,19,66,,,,,,,,,,
2015,September,13,65,,,,,,,,,,
2015,November,12,65,,,,,,,,,,
2015,July,24,64,,,,,,,,,,
2016,January,20,64,,,,,,,,,,
2015,July,12,63,,,,,,,,,,
2015,December,6,63,,,,,,,,,,
2015,December,23,63,,,,,,,,,,
2016,December,18,63,,,,,,,,,,
2016,January,3,62,,,,,,,,,,
2016,February,1,62,,,,,,,,,,
2015,November,28,61,,,,,,,,,,
2016,January,21,61,,,,,,,,,,
2017,January,11,61,,,,,,,,,,
2015,November,5,60,,,,,,,,,,
2016,January,18,60,,,,,,,,,,
2015,November,13,59,,,,,,,,,,
2016,January,8,59,,,,,,,,,,
2015,December,2,58,,,,,,,,,,
2016,January,30,58,,,,,,,,,,
2015,November,1,57,,,,,,,,,,
2015,December,1,57,,,,,,,,,,
2015,July,3,56,,,,,,,,,,
2015,November,26,56,,,,,,,,,,
2015,November,30,56,,,,,,,,,,
2015,November,19,55,,,,,,,,,,
2015,July,7,54,,,,,,,,,,
2015,July,19,54,,,,,,,,,,
2015,November,8,54,,,,,,,,,,
2016,January,9,54,,,,,,,,,,
2015,July,5,53,,,,,,,,,,
2015,October,27,53,,,,,,,,,,
2015,July,10,51,,,,,,,,,,
2015,August,4,51,,,,,,,,,,
2015,July,29,50,,,,,,,,,,
2015,August,2,50,,,,,,,,,,
2015,November,10,50,,,,,,,,,,
2015,December,11,50,,,,,,,,,,
2015,December,17,49,,,,,,,,,,
2016,January,6,49,,,,,,,,,,
2016,January,7,49,,,,,,,,,,
2016,January,13,48,,,,,,,,,,
2015,July,26,47,,,,,,,,,,
2015,November,25,47,,,,,,,,,,
2015,December,18,47,,,,,,,,,,
2015,December,21,47,,,,,,,,,,
2016,January,5,47,,,,,,,,,,
2016,January,10,46,,,,,,,,,,
2016,January,1,44,,,,,,,,,,
2015,December,12,43,,,,,,,,,,
2015,December,16,43,,,,,,,,,,
2016,January,11,40,,,,,,,,,,
2015,November,14,39,,,,,,,,,,
2015,December,14,39,,,,,,,,,,
2016,December,11,39,,,,,,,,,,
2015,December,20,38,,,,,,,,,,
2015,November,22,38,,,,,,,,,,
2016,January,17,37,,,,,,,,,,
2016,January,24,36,,,,,,,,,,
2015,July,14,35,,,,,,,,,,
2015,July,28,34,,,,,,,,,,
2016,January,31,33,,,,,,,,,,
2015,December,15,29,,,,,,,,,,
2015,November,15,28,,,,,,,,,,
2015,December,7,27,,,,,,,,,,
2015,November,29,20,,,,,,,,,,
2015,December,13,19,,,,,,,,,,
